time,10Y2Y_Yield,US CLI,ISM New Orders,Building Permits,Consumer Confidence,PMI,4-Week MA Initial Unemployment Claims,SP500
6/1/77,1.218979613,1.480334567,1.084663765,0.109767556,NaN,1.199867808,NaN,-0.734505949
7/1/77,1.001304682,1.433756281,1.191791051,0.082085085,NaN,1.358673842,NaN,-0.784549064
8/1/77,0.750978511,1.366247247,1.17840014,0.083194113,-0.832503968,0.864610627,-0.25838281,-0.881000095
9/1/77,0.642141046,1.298369714,0.937363748,0.030131003,NaN,0.688159478,NaN,-1.026710885
10/1/77,0.424466115,1.241841952,0.950754658,0.054030713,NaN,0.952836201,NaN,-1.151992654
11/1/77,0.478884848,1.197769461,1.231963783,0.03624494,-1.180641992,1.076352005,-0.343623496,-0.953799593
12/1/77,0.609489806,1.170132028,1.432827443,0.037183746,NaN,1.729221253,NaN,-1.230184079
1/1/78,0.511536087,1.167184036,1.419436532,0.043214344,-1.233619517,1.305738497,-0.386612937,-1.294763632
2/1/78,0.511536087,1.196811363,0.830236462,0.026085514,-1.18821021,1.041061775,-0.339402867,-1.312256837
3/1/78,0.489768594,1.28340865,0.883800105,0.019360566,-1.604462194,0.882255741,-0.378598575,-1.094934045
4/1/78,0.293861157,1.40567665,1.365872889,0.040113978,-1.392552093,1.358673842,-0.418869468,-0.607808589
5/1/78,0.326512396,1.529492347,1.861336584,0.013584428,-1.29416526,1.799801713,-0.471051208,-0.431139134
6/1/78,0.152372452,1.623385916,1.821163852,0.030485211,-1.513643579,1.852737057,-0.512525725,-0.815395113
7/1/78,0.097953719,1.669448303,1.96846387,0.013568488,-1.33200635,2.152704009,-0.530541224,-0.387860741
8/1/78,-0.076186226,1.660751724,1.513172907,-0.011560626,-1.634735065,1.817446827,-0.52558882,-0.07963037
9/1/78,-0.152372452,1.598917576,1.513172907,0.010635223,-1.483370707,1.852737057,-0.507916731,-0.111901095
10/1/78,-0.576838567,1.489178545,1.17840014,0.003024965,-1.566621104,1.782156598,-0.509845708,-0.449306525
11/1/78,-0.750978511,1.347306394,1.593518371,0.003133315,-1.892054474,1.993897976,-0.591629649,-0.513288116
12/1/78,-0.903350963,1.199980455,1.325700157,0.008436488,-2.565625866,1.658640794,-0.643137412,-0.437646583
1/1/79,-0.750978511,1.069015877,0.97753648,-0.03707373,-2.111532793,1.49983476,-0.549824566,0.250199815
2/1/79,-0.783629751,0.94136779,1.151618318,-0.032497611,-1.975304871,1.446899416,-0.52102478,0.165005167
3/1/79,-0.663908539,0.794262951,0.897191016,-0.010153301,-2.391556855,1.358673842,-0.570966243,0.370744395
4/1/79,-0.609489806,0.617530785,0.682936445,-0.041660981,-2.573194084,1.093997119,-0.558323622,-0.183474776
5/1/79,-0.544187327,0.425469056,0.281209124,-0.010735802,-2.414261509,0.776385052,-0.485770511,-0.385278391
6/1/79,-0.174139945,0.226111045,-0.080345464,-0.039992885,-2.58833052,0.4764181,-0.466602763,-0.01732637
7/1/79,-0.326512396,0.028816629,-0.026781821,-0.03262349,-2.997014286,0.229386493,-0.49121403,-0.308533438
8/1/79,-0.653024792,-0.158012412,-0.415118231,-0.013673123,-2.686717353,-0.088225574,-0.395615952,-0.136383394
9/1/79,-0.718327272,-0.341303862,-0.174081839,-0.014921196,-2.520216559,-0.070580459,-0.372952929,-0.087551763
10/1/79,-1.458422036,-0.535650285,-0.361554588,-0.038946521,-2.868354582,-0.176451148,-0.409837718,0.082481319
11/1/79,-1.033955921,-0.742820477,-0.468681874,-0.066851974,-2.777535968,-0.352902297,-0.369146351,0.25871524
12/1/79,-0.979537189,-0.95765545,-0.763281909,-0.071729294,-2.951604979,-0.917545971,-0.309682023,0.271800134
1/1/80,-0.674792285,-1.178681207,-0.38833641,-0.028644398,-2.497511905,-0.670514363,-0.278157267,0.454216673
2/1/80,-2.187633055,-1.41820562,0.214254571,-0.045405674,-2.505080123,0.03529023,-0.386767064,0.634050115
3/1/80,-2.165865562,-1.64623286,-0.830236462,-0.098399744,-3.292174784,-1.129287349,-0.329295932,-0.473593673
4/1/80,-0.054418733,-1.77262805,-2.410363922,-0.114230853,-3.579767064,-2.223284468,-0.206522167,-0.223830123
5/1/80,1.088374654,-1.729734755,-3.267382206,-0.112997564,-3.655449243,-3.634893655,-0.003129553,0.269535232
6/1/80,1.218979613,-1.492052838,-3.454854955,-0.073593251,-3.125673991,-3.476087621,0.053349879,0.189846675
7/1/80,1.13190964,-1.11249877,-1.861336584,-0.04144944,-2.853218146,-2.646767224,-0.031431802,0.580620872
8/1/80,0.206791184,-0.685260918,0.549027338,-0.032552862,-2.474807252,-0.794030167,-0.255895452,0.248950344
9/1/80,-0.293861157,-0.311529135,0.522245517,-0.021737929,-1.990441306,0.017645115,-0.305727741,0.427827144
10/1/80,-0.674792285,-0.064561042,1.834554763,-0.017953706,-1.892054474,0.970481316,-0.435816204,1.084441385
11/1/80,-1.534608262,0.036334011,2.048809334,0.01938851,-1.76339477,1.446899416,-0.488761828,1.537023009
12/1/80,-0.685676032,0.02439464,0.160690928,-0.0009219,-2.686717353,0.529353445,-0.489641307,1.121157824
1/1/81,-0.631257299,-0.04466209,-0.174081839,-0.010657452,-2.164510318,-0.141160919,-0.308051504,0.286051972
2/1/81,-0.707443525,-0.133101873,0.147300017,0,-2.505080123,-0.211741378,-0.349156922,0.472695143
3/1/81,-0.043534986,-0.222426054,0.026781821,0.045634049,-2.535352995,-0.070580459,-0.375257425,1.590612992
4/1/81,-0.794513497,-0.335702676,0.415118231,0.109310866,-2.088828139,0.282321837,-0.36100355,1.07280575
5/1/81,-0.979537189,-0.494083587,0.763281909,0.083784325,-1.793667641,0.617579019,-0.367108202,0.70603824
6/1/81,-0.870699723,-0.685997917,0.133909107,-0.029366884,-2.035850614,0.123515804,-0.328759863,0.432394224
7/1/81,-1.273398345,-0.886092925,-0.321381856,-0.05950187,-1.960168435,-0.582288789,-0.209779832,-0.025072332
8/1/81,-1.436654543,-1.090904723,-0.374945499,-0.080848267,-1.72555368,-0.299966952,-0.217043154,-0.4835071
9/1/81,-0.925118456,-1.31620507,-1.044491033,-0.09924688,-2.035850614,-1.323383612,-0.108471889,-0.97216051
10/1/81,0.043534986,-1.55263409,-1.312309247,-0.107481658,-2.247760715,-1.764511483,-0.073573873,-0.780773208
11/1/81,0.838048484,-1.78493592,-2.303236637,-0.106160481,-2.838081711,-2.452670961,-0.058678131,-1.140737756
12/1/81,0.380931129,-1.995422603,-1.459609264,-0.083858501,-2.701853789,-2.152704009,-0.08360712,-1.118434723
1/1/82,-0.108837465,-2.193527717,-1.352481979,-0.080858102,-2.19478319,-2.08212355,-0.017152238,-0.950168941
2/1/82,-0.446233608,-2.392590928,-1.526563818,-0.075399577,-2.535352995,-2.064478435,-0.071689851,-1.37729475
3/1/82,-0.370047382,-2.571681489,-1.285527425,-0.057070206,-2.8759228,-2.329155157,-0.083244443,-1.619672742
4/1/82,-0.130604958,-2.696528983,-1.218572872,-0.058677461,-2.611035174,-2.152704009,-0.06978014,-1.284654623
5/1/82,0.097953719,-2.75460444,-1.593518371,-0.043364666,-2.459670816,-2.55854165,0.015052916,-1.531790181
6/1/82,-0.239442424,-2.740969973,-1.071272854,-0.014924578,-2.595898738,-2.064478435,-0.080907837,-1.543073977
7/1/82,0.555071074,-2.66491176,-1.245354693,0.026954186,-2.618603392,-2.04683332,-0.087051021,-1.652820343
8/1/82,0.892467216,-2.536747775,-1.325700157,0.009623018,-2.618603392,-2.064478435,-0.084364582,-0.673141424
9/1/82,0.544187327,-2.353456324,-1.285527425,0.053230744,-2.323442894,-1.976252861,-0.052859092,-0.274429114
10/1/82,0.936002202,-2.119238299,-1.084663765,0.132211806,-2.01314596,-1.870382172,-0.021735544,0.107581248
11/1/82,0.903350963,-1.82539712,-1.138227408,0.148680773,-2.111532793,-1.905672401,-0.031341894,0.103444273
12/1/82,0.957769696,-1.465668303,-0.535636427,0.161209729,-2.126669229,-1.270448268,-0.130358185,0.426504443
1/1/83,1.327817078,-1.049780224,0.040172732,0.184038171,-2.240192497,-0.705804593,-0.233607948,0.799921944
2/1/83,1.044839668,-0.597779233,1.419436532,0.189720168,-1.922327345,0.776385052,-0.410874371,1.443919973
3/1/83,0.816280991,-0.132438575,1.446218353,0.151546697,-1.453097836,0.688159478,-0.326002783,1.805364662
4/1/83,1.001304682,0.322141909,1.258745604,0.176533878,-0.824935751,0.741094823,-0.238425491,2.09516305
5/1/83,0.859815977,0.740314683,1.58012746,0.173712654,-0.507070599,1.076352005,-0.241073398,2.415794971
6/1/83,0.794513497,1.098053605,1.647082014,0.216777558,-0.590320996,1.323383612,-0.291358271,2.862007105
7/1/83,0.794513497,1.383419305,2.718354868,0.166322411,-0.544911688,2.399735617,-0.448317542,2.762751339
8/1/83,0.870699723,1.596632882,2.423754833,0.196505667,-0.688707828,2.311510043,-0.456778067,1.864753812
9/1/83,0.990420935,1.752434299,2.263063905,0.120487902,-0.764390007,2.205639354,-0.452181917,1.886659926
10/1/83,1.229863359,1.856572144,2.611227583,0.114097036,-0.809799315,2.540896535,-0.510137743,0.902537033
11/1/83,1.044839668,1.913026205,2.571054851,0.082589335,-0.673571393,2.823218373,-0.532380293,0.763972891
12/1/83,1.055723414,1.923565279,3.320945849,0.047235125,-0.438956638,3.511377851,-0.601431705,0.584817975
1/1/84,1.186328373,1.891211059,1.834554763,0.063234839,0.007568218,1.852737057,-0.280923817,0.282015091
2/1/84,1.142793387,1.808225062,1.995245691,0.081105137,-0.196773665,1.993897976,-0.33352603,-0.120748955
3/1/84,1.012188428,1.669374603,1.459609264,0.039188561,0.075682179,1.57041522,-0.227570562,-0.248130212
4/1/84,1.012188428,1.480703066,1.76760021,0.031005509,-0.295160498,1.940962631,-0.340445942,-0.673053226
5/1/84,0.990420935,1.263878198,1.231963783,0.009974416,-0.14379614,1.517479875,-0.252926447,-0.964562498
6/1/84,0.729211018,1.036514256,1.406045621,0.005881607,-0.340569805,1.429254301,-0.269452709,-1.064859785
7/1/84,0.370047382,0.821974083,0.549027338,-0.024473748,-0.257319408,1.076352005,-0.203049204,-0.966409776
8/1/84,0.272093664,0.634481743,0.535636427,-0.024700461,-0.068113961,0.529353445,-0.090963396,-0.41715704
9/1/84,0.435349862,0.486418806,-0.374945499,-0.009044275,0.068113961,0,0.010370235,-0.503500784
10/1/84,0.761862258,0.382649461,0.38833641,-0.030451065,-0.280024062,0.141160919,-0.064124697,-0.406674363
11/1/84,1.175444626,0.312929432,0.267818214,-0.003465415,-0.325433369,0.052935344,-0.057605993,-0.611170088
12/1/84,1.665213221,0.261265859,0.374945499,-0.00014211,-0.537343471,0.105870689,-0.097928261,-0.41629077
1/1/85,1.382235811,0.221320557,0.241036392,-0.019861868,-0.302728716,0.052935344,-0.054149248,0.121064883
2/1/85,1.360468318,0.183659949,0.241036392,-0.037817849,-0.476797727,-0.017645115,-0.069905204,0.46409172
3/1/85,1.327817078,0.152632325,-0.120518196,0.000268072,-0.476797727,-0.388192526,-0.013489991,0.346571668
4/1/85,1.632561981,0.127353287,0.174081839,-0.014580969,-0.408683766,-0.317612067,-0.013865511,0.27538591
5/1/85,1.480189529,0.105095942,-0.066954553,-0.004249742,-0.620593867,-0.51170833,-0.016577638,1.130287019
6/1/85,1.719631953,0.086081389,0.093736375,-0.012491084,-0.264887626,-0.388192526,0.018772961,1.087803273
7/1/85,1.69786446,0.062865946,0.334772767,0.013253303,-0.454093074,-0.370547411,-0.012719685,1.181011051
8/1/85,1.436654543,0.042082597,0.241036392,0.042011162,-0.57518456,-0.405837641,-0.02578278,0.326057341
9/1/85,1.556375755,0.027342633,0.615981891,0.059662848,-0.597889214,-0.017645115,-0.088341177,0.102234475
10/1/85,1.425770797,0.023215443,0.455290963,0.039259574,-0.877913276,0.158806033,-0.157838751,0.396611609
11/1/85,1.229863359,0.034270416,0.964145569,0.006895565,-0.688707828,0.352902297,-0.158583369,0.983474788
12/1/85,1.110142147,0.057559559,0.642763713,0.023889116,-0.461661292,0.123515804,-0.089092217,1.156472393
1/1/86,1.186328373,0.076721512,0.897191016,0.026046229,-0.333001587,0.211741378,-0.08293619,0.624359987
2/1/86,0.457117355,0.083207096,0.950754658,0.014607289,-0.310296934,0.176451148,-0.074106567,1.087853867
3/1/86,0.511536087,0.07745851,0.602590981,0.007095694,-0.370842677,0.176451148,-0.083324554,1.528893082
4/1/86,0.59860606,0.066403537,0.58920007,0.026956266,-0.28759228,-0.052935344,-0.035726119,1.448830929
5/1/86,0.750978511,0.053432369,1.486391085,0.011905618,-0.393547331,0.599933904,-0.151255828,1.41800811
6/1/86,0.587722313,0.029922127,0.709718266,0.009970703,-0.052977525,0.088225574,-0.021497932,1.434943456
7/1/86,0.838048484,-0.007001483,0.160690928,0.011308567,-0.174069012,-0.352902297,0.027227063,0.988769354
8/1/86,1.099258401,-0.046946785,1.124836497,-0.010486408,-0.385979113,0.458772986,-0.12861207,1.645625532
9/1/86,1.16456088,-0.083796694,0.97753648,-0.027755155,-0.61302565,0.423482756,-0.157806641,1.201236823
10/1/86,1.175444626,-0.110402329,0.602590981,-0.009020339,-0.333001587,0.211741378,-0.08293619,1.295177871
11/1/86,1.023072175,-0.110254929,0.937363748,-0.00655922,-0.650866739,0.211741378,-0.131330618,0.963389468
12/1/86,0.957769696,-0.063013345,0.723109177,0.014048029,-0.824935751,0.088225574,-0.139027258,0.417317086
1/1/87,0.925118456,0.041124499,1.312309247,-0.019653689,-0.726548918,0.864610627,-0.242251334,1.351005352
2/1/87,0.914234709,0.190071834,0.723109177,-0.010206325,-0.741685354,0.458772986,-0.18276774,1.087649745
3/1/87,1.055723414,0.359065519,1.553345639,-0.009871995,-0.696276046,0.882255741,-0.240328779,0.88951039
4/1/87,0.903350963,0.519067826,1.312309247,-0.031981494,-0.544911688,0.970481316,-0.230716007,0.910321656
5/1/87,0.870699723,0.653717396,1.794382031,-0.038213754,-0.673571393,1.270448268,-0.295973686,0.585584732
6/1/87,0.979537189,0.749011262,1.499781996,-0.034617292,-0.643298521,1.305738497,-0.29673757,0.832201835
7/1/87,1.121025894,0.790209461,1.874727495,-0.034292193,-0.476797727,1.323383612,-0.274074546,1.700436072
8/1/87,1.121025894,0.762203529,1.700645656,-0.028801095,-0.423820202,1.640995679,-0.314364705,1.412226704
9/1/87,1.121025894,0.669415457,1.620300192,-0.023587516,-0.484365945,1.764511483,-0.342387762,1.963531165
10/1/87,1.41488705,0.534471088,2.048809334,-0.031472509,-0.809799315,1.888027287,-0.41073951,-0.302715927
11/1/87,1.371352064,0.396578727,1.245354693,-0.02629972,-1.279028824,1.552770105,-0.431136569,-0.98327104
12/1/87,1.153677133,0.299368665,1.539954728,-0.067796417,-0.999004762,1.940962631,-0.447605034,-0.376219183
1/1/88,1.13190964,0.24858949,1.3792638,-0.061018213,-0.696276046,1.323383612,-0.307489747,-0.896128719
2/1/88,1.121025894,0.238271515,0.937363748,-0.034360178,-0.635730303,1.093997119,-0.263348057,-0.868205056
3/1/88,1.262514599,0.260160362,1.057881944,-0.024288169,-0.408683766,0.811675282,-0.185797589,-1.214155576
4/1/88,1.240747106,0.303422155,1.017709212,-0.02483982,-0.666003175,1.02341666,-0.257211296,-1.095735372
5/1/88,1.077490907,0.358328521,1.031100122,-0.008631934,-0.393547331,0.970481316,-0.207671041,-1.112609234
6/1/88,0.870699723,0.409107696,1.821163852,-0.005620804,-0.401115548,1.640995679,-0.31090796,-1.137515686
7/1/88,0.794513497,0.439619421,1.419436532,-0.011743643,-0.499502381,1.446899416,-0.296336362,-1.428095955
8/1/88,0.587722313,0.452959088,1.231963783,-0.007803996,-0.196773665,1.05870689,-0.191144779,-1.810463464
9/1/88,0.478884848,0.45620188,1.151618318,-0.011911873,-0.204341883,0.794030167,-0.152000446,-1.48309337
10/1/88,0.435349862,0.455464882,0.964145569,0.011025338,-0.446524856,0.952836201,-0.21305034,0.176290405
11/1/88,0.239442424,0.451042893,1.124836497,0.008093231,-0.529775253,0.98812643,-0.231097949,0.683502655
12/1/88,0,0.436966228,1.205181961,0.026817213,-0.61302565,1.05870689,-0.254518435,0.27731832
1/1/89,-0.119721212,0.396726126,0.97753648,0.041261397,-0.158932576,0.829320397,-0.150459834,0.486943442
2/1/89,-0.25032617,0.316909222,0.97753648,-0.008843316,-0.348138023,0.723449708,-0.163147409,-0.009082093
3/1/89,-0.468001101,0.202748202,0.267818214,-0.047152191,-0.43138842,0.264676722,-0.105974734,0.372033097
4/1/89,-0.217674931,0.074215718,0.415118231,-0.008575412,-0.643298521,0.388192526,-0.157042757,0.661470222
5/1/89,-0.239442424,-0.049231479,0.093736375,-0.010087527,-0.703844264,-0.123515804,-0.088354021,0.900186361
6/1/89,0.021767493,-0.145114944,-0.58920007,-0.025378882,-0.711412482,-0.4764181,-0.035777495,0.521246384
7/1/89,0.31562865,-0.204295899,-0.562418249,-0.025065429,-0.605457432,-0.723449708,0.017964123,1.213068022
8/1/89,-0.174139945,-0.227953541,-0.642763713,-0.019953957,-0.787094661,-0.864610627,0.011801674,1.664519921
9/1/89,-0.163256198,-0.227069143,-0.535636427,-0.019643403,-0.317865152,-0.705804593,0.05906312,1.287240148
10/1/89,0.076186226,-0.217193367,-0.093736375,-0.023029742,-0.461661292,-0.564643675,0.015678893,0.883495888
11/1/89,0.097953719,-0.200242409,-0.093736375,-0.025145127,-0.688707828,-0.564643675,-0.018888556,1.16172922
12/1/89,0.065302479,-0.178279862,0.053563643,-0.01216908,-0.7189807,-0.458772986,-0.039616182,1.21432026
1/1/90,0.163256198,-0.153221924,-0.120518196,0.044476077,-0.529775253,-0.494063215,-0.005437097,0.165431365
2/1/90,0.087069972,-0.130817179,0.334772767,-0.00902782,-0.794662879,-0.158806033,-0.096808123,0.435030829
3/1/90,0.010883747,-0.131185678,0.307990946,0.006094564,-0.658434957,-0.017645115,-0.097559163,0.459519262
4/1/90,0.087069972,-0.186386843,0.495463695,-0.040327764,-0.461661292,0,-0.070287146,-0.073567573
5/1/90,0.108837465,-0.311823935,0.227645482,-0.052571129,-0.711412482,-0.088225574,-0.094879147,0.296554114
6/1/90,0.206791184,-0.522236918,0.267818214,-0.037427744,-0.885481494,-0.141160919,-0.113321541,0.289662709
7/1/90,0.489768594,-0.813351204,-0.441900052,-0.036943543,-0.893049712,-0.599933904,-0.044626383,-0.321094308
8/1/90,0.859815977,-1.162319848,-0.602590981,-0.045930522,-1.786099423,-0.688159478,-0.167159489,-1.023172755
9/1/90,0.870699723,-1.51571048,-0.682936445,-0.059474756,-2.058555267,-0.970481316,-0.165657408,-1.283316988
10/1/90,0.957769696,-1.822670227,-0.923972837,-0.074530041,-2.73212666,-1.199867808,-0.233283803,-1.178512141
11/1/90,0.794513497,-2.035073106,-1.285527425,-0.069329347,-2.573194084,-1.53512499,-0.158044254,-0.938009045
12/1/90,1.012188428,-2.119533099,-1.539954728,-0.091216751,-2.611035174,-1.623350564,-0.150373301,-0.918391092
1/1/91,1.066607161,-2.076197605,-1.593518371,-0.127246245,-2.512648341,-1.905672401,-0.092411054,-0.219986553
2/1/91,1.066607161,-1.917374495,-1.446218353,-0.082812006,-2.240192497,-1.870382172,-0.056302993,0.164001637
3/1/91,1.121025894,-1.681166574,-1.017709212,-0.062163878,-0.930890801,-1.640995679,0.10811226,0.150023384
4/1/91,1.327817078,-1.411720036,-0.522245517,-0.044777071,-1.377415657,-1.270448268,-0.016285603,0.344880764
5/1/91,1.501957023,-1.1407995,-0.147300017,-0.016468745,-1.642303283,-0.970481316,-0.102283752,-0.005210831
6/1/91,1.458422036,-0.892799609,1.124836497,-0.03004928,-1.354711003,0.052935344,-0.214311762,-0.27312483
7/1/91,1.512840769,-0.702580376,0.749890998,-0.022520699,-1.29416526,0.105870689,-0.213153091,0.056110504
8/1/91,1.589026995,-0.59881103,1.352481979,-0.027036075,-1.362279221,0.51170833,-0.285311416,0.920410034
9/1/91,1.610794488,-0.576774785,1.432827443,-0.000473796,-1.286597042,0.864610627,-0.327517708,1.181547545
10/1/91,1.926423138,-0.612371797,1.071272854,0.016497325,-1.642303283,0.54699856,-0.333317481,1.330905803
11/1/91,2.176749308,-0.665804166,0.468681874,0.010565503,-2.33857933,-0.088225574,-0.342612531,0.532924718
12/1/91,2.111446829,-0.690419906,-0.066954553,0.053707901,-2.406693291,-0.564643675,-0.28044892,1.154787624
1/1/92,2.394424239,-0.653422596,-0.053563643,0.085601579,-2.459670816,-0.4764181,-0.301946852,0.684953877
2/1/92,2.176749308,-0.560855624,1.111445586,0.079420007,-2.361283983,0.4764181,-0.432035314,0.279499543
3/1/92,2.111446829,-0.43608183,1.78099112,0.043399934,-1.816372295,0.811675282,-0.400115772,-0.026017448
4/1/92,2.340005506,-0.323026307,1.218572872,0.034833326,-1.72555368,0.458772986,-0.332560019,0.16086376
5/1/92,2.32912176,-0.251390083,1.459609264,0.015165301,-1.574189322,1.005771545,-0.392794653,-0.091690411
6/1/92,2.514145451,-0.230090835,1.312309247,0.022305771,-1.483370707,0.635224134,-0.32255246,0.123848705
7/1/92,2.503261704,-0.238271515,1.272136515,0.027564904,-1.770962987,0.688159478,-0.374397212,0.087594085
8/1/92,2.688285395,-0.246009996,1.17840014,0.032085635,-1.808804077,0.599933904,-0.36672626,-0.207928192
9/1/92,2.797122861,-0.221615356,0.147300017,0.033233831,-1.846645166,-0.052935344,-0.273089269,-0.017707819
10/1/92,2.61209917,-0.147473338,0.508854606,0.032897038,-2.020714178,0.052935344,-0.315709612,-0.08320663
11/1/92,2.350889253,-0.039945302,1.17840014,0.031486257,-1.112528031,0.635224134,-0.266092294,0.43898811
12/1/92,2.32912176,0.056527761,1.473000175,0.025060734,-0.681139611,0.741094823,-0.216532773,-0.223034342
1/1/93,2.383540492,0.103621946,1.740818388,0.0214682,-0.809799315,1.02341666,-0.279104013,-0.041867159
2/1/93,2.29647052,0.091314076,1.298918336,0.000403512,-1.014141198,0.917545971,-0.294096085,-0.035705105
3/1/93,2.252935534,0.02432094,1.084663765,-0.005555938,-1.067118723,0.617579019,-0.256492365,0.245088504
4/1/93,2.416191732,-0.074363118,0.40172732,0.010968336,-1.089823377,0.03529023,-0.171296632,-0.120945845
5/1/93,2.089679336,-0.189187436,0.696327355,0.01226127,-1.490938925,0.211741378,-0.259230179,0.024785512
6/1/93,1.926423138,-0.285660499,0.214254571,0.015968319,-1.400120311,-0.070580459,-0.20242018,0.150517929
7/1/93,1.850236912,-0.33806107,0.508854606,0.01804689,-1.740690116,0.03529023,-0.270389986,-0.149106923
8/1/93,1.708748207,-0.327743096,0.709718266,0.033337618,-1.717985462,0.123515804,-0.280365435,0.249979961
9/1/93,1.643445728,-0.250137186,0.348163678,0.028434573,-1.672576155,0.141160919,-0.276138384,0.116346284
10/1/93,1.567259502,-0.112687023,1.191791051,0.031658957,-1.309301696,0.599933904,-0.290677872,0.235873661
11/1/93,1.752283193,0.061981548,1.392654711,0.049427362,-1.422824964,0.670514363,-0.318707351,-0.059489879
12/1/93,1.719631953,0.255369873,1.660472924,0.056033645,-0.893049712,0.98812643,-0.286405867,-0.059601088
1/1/94,1.719631953,0.436671428,1.807772942,0.041842196,-0.43138842,1.05870689,-0.226864476,0.111093783
2/1/94,1.610794488,0.584734365,1.633691103,0.02436996,-0.514638817,1.146932464,-0.252971401,-0.166604826
3/1/94,1.69786446,0.694989294,1.714036567,0.062620055,-0.643298521,1.217512923,-0.283305377,-0.58717911
4/1/94,1.44753829,0.764783023,1.700645656,0.060316308,-0.560048124,1.305738497,-0.284062839,-0.351020729
5/1/94,1.262514599,0.795958047,1.553345639,0.059050678,-0.544911688,1.446899416,-0.303249852,-0.416369444
6/1/94,1.251630852,0.792936354,2.008636602,0.046447115,-0.666003175,1.552770105,-0.337804457,-0.592288416
7/1/94,1.229863359,0.766551819,1.901509317,0.031708019,-0.832503968,1.49983476,-0.355094603,-0.362188341
8/1/94,1.110142147,0.727785714,1.740818388,0.027632715,-0.628162085,1.411609186,-0.310551706,-0.342163893
9/1/94,1.088374654,0.677596137,1.700645656,0.029756367,-0.643298521,1.588060335,-0.33972059,-0.452684114
10/1/94,1.055723414,0.610381902,1.740818388,0.019761753,-0.552479906,1.658640794,-0.336639365,-0.44369471
11/1/94,0.555071074,0.50919205,1.539954728,-0.002896546,-0.635730303,1.623350564,-0.343941219,-0.61528547
12/1/94,0.163256198,0.365624803,1.191791051,-0.010286662,-0.370842677,1.076352005,-0.220332928,-0.576044013
1/1/95,0.370047382,0.175995168,1.298918336,-0.017964713,-0.181637229,1.305738497,-0.226450424,-0.651204044
2/1/95,0.468001101,-0.058149157,0.883800105,-0.002733008,-0.370842677,0.899900856,-0.193468541,-0.231195348
3/1/95,0.435349862,-0.31388753,0.254427303,-0.019985582,-0.734117136,0.370547411,-0.168183298,0.272963808
4/1/95,0.511536087,-0.552011645,0.294600035,-0.022091425,-0.567616342,0.264676722,-0.126715203,0.387889564
5/1/95,0.446233608,-0.740093584,-0.803454641,-0.020703126,-0.771958225,-0.582288789,-0.028876849,0.557817063
6/1/95,0.457117355,-0.865456976,-0.870409194,-0.008860023,-0.552479906,-0.723449708,0.026029861,0.922033165
7/1/95,0.620373553,-0.937830198,0.361554588,0.003290665,-0.423820202,0.123515804,-0.083330976,0.924347966
8/1/95,0.468001101,-0.982713388,-0.468681874,0.001511193,-0.28759228,-0.51170833,0.034121287,0.641280555
9/1/95,0.370047382,-1.021332094,-0.080345464,0.001473734,-0.840072186,-0.335257182,-0.076857226,1.154463806
10/1/95,0.457117355,-1.053833714,-0.334772767,0.000496519,-0.741685354,-0.582288789,-0.024267856,0.953004695
11/1/95,0.435349862,-1.069310676,-0.18747275,0.015529199,-0.893049712,-0.723449708,-0.025821312,1.604284329
12/1/95,0.435349862,-1.057002806,-0.549027338,0.00761875,-0.681139611,-0.670514363,-0.001617676,1.612207428
1/1/96,0.729211018,-1.007771327,-0.79006373,0.018937062,-0.809799315,-0.794030167,-0.002400826,1.715940092
2/1/96,0.750978511,-0.916088752,-0.522245517,0.030607079,-0.870345058,-0.723449708,-0.022364567,1.476066937
3/1/96,0.59860606,-0.791093859,-0.120518196,0.039792692,-0.476797727,-0.54699856,0.010687957,1.319441242
4/1/96,0.685676032,-0.659097483,0.307990946,0.03746414,-0.552479906,-0.123515804,-0.065309055,1.20450506
5/1/96,0.631257299,-0.535502886,0.227645482,0.033835977,-0.802231097,-0.158806033,-0.097960371,1.100388335
6/1/96,0.674792285,-0.435271132,1.258745604,0.021969618,-0.57518456,0.635224134,-0.184282664,0.953003604
7/1/96,0.631257299,-0.365330003,0.254427303,0.016393206,-0.401115548,-0.052935344,-0.053009844,0.369519779
8/1/96,0.674792285,-0.309981439,0.615981891,0.00450414,-0.355706241,0.282321837,-0.097138689,0.50698891
9/1/96,0.674792285,-0.257507168,0.615981891,-0.004718623,-0.401115548,0.194096263,-0.090619986,0.606257441
10/1/96,0.653024792,-0.204074799,0.38833641,-0.006936375,-0.264887626,0.088225574,-0.053760884,0.837993627
11/1/96,0.511536087,-0.143346148,0.923972837,-0.002910367,-0.060545743,0.529353445,-0.089811148,1.075564821
12/1/96,0.59860606,-0.078121808,1.56673655,-0.004970588,-0.234614755,0.917545971,-0.17541451,0.773592538
1/1/97,0.642141046,-0.001695096,0.937363748,-0.000833499,-0.196773665,0.670514363,-0.132043127,0.98443817
2/1/97,0.511536087,0.091977374,1.017709212,0.004070643,-0.022704654,0.54699856,-0.086736345,0.976646787
3/1/97,0.511536087,0.192872427,1.151618318,-0.000160899,0,0.670514363,-0.102084671,0.586141082
4/1/97,0.468001101,0.29752617,0.883800105,-0.00663768,0.105955051,0.652869249,-0.083266756,0.914484571
5/1/97,0.489768594,0.401958814,1.647082014,-0.006823705,0.242182973,1.076352005,-0.127000816,1.184357128
6/1/97,0.468001101,0.502043168,1.258745604,-0.004368606,0.340569805,0.864610627,-0.079784323,1.513059316
7/1/97,0.304744903,0.589819653,1.513172907,-0.001594569,0.537343471,1.358673842,-0.125046152,2.594014397
8/1/97,0.402698622,0.653054097,1.3792638,0.005890765,0.333001587,1.111642234,-0.118546714,1.889728906
9/1/97,0.348279889,0.695505193,0.723109177,0.016942296,0.454093074,0.688159478,-0.035636212,1.881063199
10/1/97,0.228558677,0.717909938,1.459609264,0.024006601,0.423820202,1.129287349,-0.107406173,1.367806555
11/1/97,0.108837465,0.716214842,0.99092739,0.00933365,0.544911688,1.005771545,-0.070165129,1.148396332
12/1/97,0.097953719,0.689461808,0.964145569,0.007373893,0.158932576,0.794030167,-0.096692528,1.451356933
1/1/98,0.228558677,0.650769403,0.950754658,0.02894339,0.499502381,0.670514363,-0.026036283,1.05294301
2/1/98,0.076186226,0.600211327,0.615981891,0.032321749,0.787094661,0.51170833,0.0419271,1.557453653
3/1/98,0.076186226,0.524595313,0.656154623,0.027210943,0.491934163,0.51170833,-0.003010583,2.36667118
4/1/98,0.097953719,0.421857765,0.709718266,0.020501602,0.658434957,0.388192526,0.04114395,1.93900861
5/1/98,0.03265124,0.29339898,0.20086366,0.022892328,0.491934163,0.158806033,0.050718191,1.298942525
6/1/98,-0.054418733,0.147694438,0.026781821,0.024572514,0.423820202,-0.194096263,0.094076731,1.267735304
7/1/98,0.010883747,0.007369982,0.241036392,0.027295922,0.393547331,-0.141160919,0.081408421,0.595001859
8/1/98,0.152372452,-0.109812731,0.120518196,0.032711225,0.333001587,-0.123515804,0.069503996,-0.097464189
9/1/98,0.152372452,-0.180196058,-0.080345464,0.01284514,0.068113961,-0.229386493,0.045293938,-0.040036992
10/1/98,0.56595482,-0.178427262,-0.267818214,0.033933791,-0.196773665,-0.229386493,0.004965248,0.764726318
11/1/98,0.217674931,-0.102369049,-0.227645482,0.031951082,0.204341883,-0.317612067,0.079466601,0.870192888
12/1/98,0.119721212,0.021078148,-0.040172732,0.045416744,0.037841089,-0.564643675,0.09172728,1.177615381
1/1/99,0.087069972,0.173120875,0.321381856,0.02631808,0.295160498,0.105870689,0.028819051,1.42171137
2/1/99,0.174139945,0.327890495,0.669545534,0.010248035,0.61302565,0.299966952,0.047662654,0.631454421
3/1/99,0.28297741,0.467256853,0.79006373,0.008643458,0.43138842,0.423482756,0.001203624,0.552676748
4/1/99,0.304744903,0.589377454,0.535636427,0.007921308,0.348138023,0.405837641,-0.008784669,0.76295203
5/1/99,0.239442424,0.694104897,1.044491033,0.012795544,0.514638817,0.758739938,-0.03716398,0.715648069
6/1/99,0.304744903,0.773848101,1.258745604,0.022510051,0.552479906,1.02341666,-0.07169932,0.824010536
7/1/99,0.31562865,0.83111286,0.615981891,0.010339938,0.454093074,0.635224134,-0.027576896,0.666427175
8/1/99,0.272093664,0.872679558,1.004318301,0.002376428,0.340569805,0.846965512,-0.077097885,1.885935887
9/1/99,0.293861157,0.909013569,1.807772942,-0.003812001,0.544911688,1.235158038,-0.105088832,1.143050852
10/1/99,0.25032617,0.946158278,1.513172907,-0.009415286,0.242182973,1.270448268,-0.156551642,1.01260608
11/1/99,0.185023691,0.984555884,1.754209299,0,0.544911688,1.429254301,-0.134639658,0.71681275
12/1/99,0.228558677,1.011014119,1.3792638,-0.007830963,0.408683766,1.376318957,-0.147320811,0.727063342
1/1/00,0.076186226,1.006076231,1.392654711,-0.000667473,0.86277684,1.182222694,-0.048635088,0.061366539
2/1/00,-0.119721212,0.957950249,1.165009229,-0.003763925,0.855208622,1.02341666,-0.025609388,0.114021169
3/1/00,-0.511536087,0.887272123,0.830236462,-0.001944129,0.537343471,0.864610627,-0.049825868,0.535693403
4/1/00,-0.489768594,0.800158936,0.723109177,-0.000433523,0.696276046,0.829320397,-0.020255776,0.066357868
5/1/00,-0.435349862,0.6927046,0.20086366,-0.013675374,0.809799315,0.564643675,0.037324529,0.0710479
6/1/00,-0.380931129,0.571615797,0,-0.01766018,0.484365945,0.247031608,0.036133749,-0.128088331
7/1/00,-0.28297741,0.437187327,0.267818214,-0.019244799,0.628162085,0.441127871,0.028475641,-0.019832859
8/1/00,-0.489768594,0.278880116,0,-0.016465762,0.552479906,-0.017645115,0.086800565,0.43734907
9/1/00,-0.195907438,0.094556868,-0.147300017,0.002832391,0.514638817,-0.052935344,0.0864122,0.251556923
10/1/00,-0.185023691,-0.127942886,-0.214254571,-0.010095392,0.438956638,-0.229386493,0.101754105,-0.197045686
11/1/00,-0.141488705,-0.381101765,-0.120518196,-0.00802053,0.57518456,-0.264676722,0.127867451,-0.84071596
12/1/00,0.010883747,-0.653717396,-1.057881944,-0.019233364,-0.121091486,-1.076352005,0.145436789,-1.143276048
1/1/01,0.620373553,-0.902306886,-1.553345639,-0.003748668,-0.401115548,-1.358673842,0.145786621,-0.633337225
2/1/01,0.555071074,-1.092894618,-1.352481979,-0.004919415,-0.711412482,-1.393964071,0.103917318,-1.060576688
3/1/01,0.816280991,-1.216194415,-1.138227408,0.001120351,-0.643298521,-1.217512923,0.087423166,-1.928400936
4/1/01,1.142793387,-1.278397063,-0.602590981,0.00998977,-0.877913276,-1.288093382,0.062449223,-1.399520435
5/1/01,1.316933331,-1.297853815,-0.682936445,0.018281223,-0.605457432,-1.53512499,0.141540304,-1.236433573
6/1/01,1.273398345,-1.314878473,-0.294600035,0.007942415,-0.560048124,-1.199867808,0.097411458,-1.491691553
7/1/01,1.393119557,-1.347527493,-0.107127285,0.008396823,-0.57518456,-1.146932464,0.087047646,-1.472857433
8/1/01,1.316933331,-1.39366358,0.575809159,0.009385559,-0.643298521,-0.652869249,0.001457127,-2.10081354
9/1/01,1.893771898,-1.423512007,0.174081839,-0.000736346,-1.377415657,-0.670514363,-0.107624519,-2.241747779
10/1/01,2.024376856,-1.385851399,-1.486391085,-0.00161277,-1.309301696,-1.623350564,0.047813406,-2.135756575
11/1/01,2.111446829,-1.261667204,-0.120518196,0.005300411,-1.218483081,-1.041061775,-0.027012092,-1.346538983
12/1/01,2.176749308,-1.066362683,0.18747275,0.020528914,-0.847640404,-0.829320397,-0.00278919,-1.327905261
1/1/02,2.078795589,-0.840104238,0.696327355,-0.004626972,-0.529775253,-0.441127871,-0.013496413,-1.593663472
2/1/02,1.98084187,-0.625416665,1.432827443,0.018290362,-0.703844264,0.123515804,-0.125964163,-1.182274792
3/1/02,1.850236912,-0.463792962,1.847945674,0.004459795,-0.325433369,0.423482756,-0.114021206,-0.575040919
4/1/02,2.035260603,-0.396283927,1.325700157,0.000416349,-0.529775253,0.423482756,-0.14513191,-1.376062445
5/1/02,2.024376856,-0.437629526,1.58012746,0.007082185,-0.234614755,0.54699856,-0.118999297,-1.452267389
6/1/02,2.133214322,-0.581344173,1.499781996,0.018770019,-0.57518456,0.635224134,-0.184282664,-1.725894189
7/1/02,2.481494211,-0.788661765,0.254427303,0.020256415,-0.90061793,0.03529023,-0.142490425,-2.064949695
8/1/02,2.176749308,-1.010277121,0.080345464,0.011453251,-0.938459019,0.052935344,-0.150938105,-1.714957025
9/1/02,2.078795589,-1.215973316,0.38833641,0.035162031,-1.051982287,0.088225574,-0.173594707,-1.872051178
10/1/02,2.448842972,-1.378039218,0.281209124,0.034401351,-1.468234272,-0.176451148,-0.196671783,-1.540439076
11/1/02,2.32912176,-1.485346155,-0.013390911,0.01680527,-1.195778427,-0.264676722,-0.14175865,-1.629224878
12/1/02,2.416191732,-1.557571978,1.165009229,0.029727323,-1.00657298,0.282321837,-0.196232043,-1.978903248
1/1/03,2.481494211,-1.610562148,1.098054676,0.019857891,-1.33200635,0.229386493,-0.237719404,-2.036627142
2/1/03,2.372656746,-1.636430784,0.254427303,0.008668852,-1.521211797,-0.211741378,-0.199364643,-2.018403908
3/1/03,2.525029197,-1.611593945,-0.374945499,0.009024261,-1.695280809,-0.652869249,-0.158705387,-2.14993641
4/1/03,2.590331677,-1.51585788,-0.374945499,0.018563497,-1.059550505,-0.688159478,-0.056543652,-1.441582747
5/1/03,2.220284294,-1.352612781,0.455290963,0.016033968,-0.597889214,-0.176451148,-0.064163228,-1.116951362
6/1/03,2.416191732,-1.141462799,0.482072784,0.015387863,-0.779526443,-0.176451148,-0.091817188,-0.599887694
7/1/03,2.927727819,-0.892873309,0.910581926,0.019555949,-0.688707828,0.176451148,-0.131718982,0.039859399
8/1/03,2.720936635,-0.614951291,1.486391085,0.03696672,-0.809799315,0.564643675,-0.209256607,0.128515042
9/1/03,2.677401649,-0.316688123,1.446218353,0.020261551,-0.930890801,0.423482756,-0.20620107,0.893432958
10/1/03,2.699169142,-0.014224065,1.928291138,0.027375356,-0.787094661,0.917545971,-0.259528636,0.670063032
11/1/03,2.481494211,0.267972542,2.55766394,0.019191552,-0.476797727,1.482189646,-0.298252495,0.316543474
12/1/03,2.644750409,0.505064861,2.852263975,0.011097225,-0.560048124,1.782156598,-0.356596684,1.159436078
1/1/04,2.525029197,0.684155421,2.7585276,0.018415156,0.28759228,1.905672401,-0.246349946,1.525759939
2/1/04,2.535912944,0.791609757,2.209500262,0.01396753,-0.423820202,1.746866368,-0.330483337,1.773560345
3/1/04,2.459726718,0.83951464,1.955072959,0.040662872,-0.317865152,1.870382172,-0.333156932,1.563690566
4/1/04,2.416191732,0.838482842,2.289845726,0.034239457,-0.438956638,1.870382172,-0.351592905,0.804677067
5/1/04,2.307354267,0.804359826,1.941682049,0.039690431,-0.741685354,2.01154309,-0.419174347,0.523465008
6/1/04,2.089679336,0.744441873,1.459609264,0.017880434,-0.333001587,1.852737057,-0.33277499,0.571507087
7/1/04,1.98084187,0.663666871,1.714036567,0.027843629,-0.249751191,1.746866368,-0.303981626,0.20501092
8/1/04,1.872004405,0.57441639,1.620300192,0.0105845,-0.310296934,1.49983476,-0.275589471,0.097418212
9/1/04,1.643445728,0.496515682,1.031100122,0.009432433,-0.438956638,1.305738497,-0.265626866,0.246721201
10/1/04,1.621678235,0.443746611,1.124836497,0.009767924,-0.628162085,1.111642234,-0.264882248,-0.027417072
11/1/04,1.458422036,0.422226264,1.352481979,0.01940835,-0.544911688,1.093997119,-0.249521078,0.184578558
12/1/04,1.262514599,0.412203088,2.182718441,0.011054448,-0.219478319,1.270448268,-0.226838788,0.062667038
1/1/05,0.925118456,0.38707145,1.057881944,0.022149969,-0.340569805,1.199867808,-0.234529006,-0.225023186
2/1/05,0.838048484,0.341819761,0.79006373,0.017405621,-0.446524856,0.970481316,-0.215736779,-0.143935805
3/1/05,0.761862258,0.284555002,1.031100122,-0.000447652,-0.560048124,0.917545971,-0.224961187,-0.200053019
4/1/05,0.59860606,0.242251305,0.455290963,0.008935749,-0.930890801,0.388192526,-0.200828192,-0.222009557
5/1/05,0.435349862,0.233702126,0.241036392,-0.006990146,-0.991436544,0.141160919,-0.172436037,-0.105774344
6/1/05,0.304744903,0.257507168,0.763281909,0.018084939,-0.302728716,0.423482756,-0.110564461,-0.224948144
7/1/05,0.28297741,0.295536275,0.964145569,0.009962282,-0.264887626,0.494063215,-0.115548974,0.253772163
8/1/05,0.195907438,0.350221541,1.044491033,0.018330564,-0.824935751,0.423482756,-0.190069594,0.158527269
9/1/05,0.174139945,0.430996542,1.459609264,0.025149034,-1.748258334,1.199867808,-0.448847189,0.141848305
10/1/05,0.185023691,0.545157562,1.526563818,0.008048886,-1.952600217,1.270448268,-0.490703648,-0.075939391
11/1/05,0.076186226,0.681281128,1.499781996,0.015458653,-1.392552093,1.182222694,-0.392005081,-0.098050224
12/1/05,-0.021767493,0.810182112,1.352481979,0.004220017,-0.643298521,0.899900856,-0.23494948,-0.315335649
1/1/06,-0.010883747,0.909382068,1.191791051,0.007890843,-0.666003175,0.882255741,-0.235719786,0.023006936
2/1/06,-0.152372452,0.971879515,1.473000175,0.002953045,-1.00657298,1.02341666,-0.309062469,-0.13853521
3/1/06,0.043534986,0.993399862,0.937363748,0.006279292,-0.840072186,0.758739938,-0.243416426,0.105701368
4/1/06,0.217674931,0.971511016,0.763281909,-0.016346187,-0.953595455,0.917545971,-0.284878099,0.333773202
5/1/06,0.087069972,0.924490531,0.656154623,-0.019960792,-1.58175754,0.652869249,-0.340218127,-0.088571468
6/1/06,-0.010883747,0.881081338,0.669545534,-0.033015193,-1.142800902,0.352902297,-0.227718267,-0.087029516
7/1/06,0.021767493,0.8557286,0.776672819,-0.04617953,-1.157937338,0.529353445,-0.256887151,-0.287521244
8/1/06,-0.054418733,0.864204079,0.709718266,-0.051785768,-1.362279221,0.652869249,-0.306802926,-0.073072419
9/1/06,-0.076186226,0.911150864,0.642763713,-0.062119844,-1.104959813,0.388192526,-0.227329903,0.044841493
10/1/06,-0.108837465,0.981534191,0.549027338,-0.063929727,-0.484365945,0.247031608,-0.111354033,0.388663886
11/1/06,-0.174139945,1.065773085,0.107127285,-0.071198443,-0.597889214,0.052935344,-0.099086932,0.258440958
12/1/06,-0.119721212,1.156497562,0.18747275,-0.052568128,-0.628162085,0.247031608,-0.133246751,0.354473945
1/1/07,-0.119721212,1.244937345,0.736500087,-0.061252501,-0.234614755,0.070580459,-0.046465452,0.274743704
2/1/07,-0.097953719,1.331682032,1.218572872,-0.058640072,-0.658434957,0.723449708,-0.210389589,0.116771905
3/1/07,0.076186226,1.421522111,0.803454641,-0.056984387,-0.877913276,0.494063215,-0.208881087,0.109391607
4/1/07,0.03265124,1.506719102,0.950754658,-0.061101205,-0.976300108,0.4764181,-0.221173876,0.322045539
5/1/07,-0.021767493,1.571574943,0.937363748,-0.050005016,-0.885481494,0.54699856,-0.218092651,0.789302827
6/1/07,0.174139945,1.60547686,1.124836497,-0.056967196,-1.112528031,0.705804593,-0.276838048,0.653217582
7/1/07,0.239442424,1.596411782,1.004318301,-0.052721174,-0.726548918,0.317612067,-0.158971734,0.377875447
8/1/07,0.424466115,1.542021316,0.816845551,-0.05384217,-1.256324171,0.388192526,-0.250374869,0.318658163
9/1/07,0.674792285,1.46286771,1.258745604,-0.055043946,-1.256324171,0.670514363,-0.293357889,0.396806659
10/1/07,0.587722313,1.374133128,0.776672819,-0.055667726,-1.445529618,0.494063215,-0.295299709,0.280186446
11/1/07,1.012188428,1.279723659,0.415118231,-0.046845011,-1.808804077,0.264676722,-0.315683924,-0.142048195
12/1/07,1.077490907,1.188630683,-0.013390911,-0.069024981,-1.854213384,0.017645115,-0.284987272,-0.281994411
1/1/08,1.632561981,1.093631616,-0.066954553,-0.075648866,-1.634735065,0.158806033,-0.273063581,-0.766435795
2/1/08,2.04614435,0.98610358,0.066954553,-0.08449819,-2.209919625,-0.211741378,-0.304219239,-0.846266674
3/1/08,1.991725617,0.867446871,-0.107127285,-0.091123227,-2.308306458,-0.052935344,-0.343376415,-0.940428245
4/1/08,1.610794488,0.719236535,-0.508854606,-0.07266679,-2.830513493,-0.264676722,-0.390644283,-0.916473118
5/1/08,1.523724516,0.516414633,-0.281209124,-0.077122459,-3.042423594,-0.194096263,-0.43365299,-1.04138647
6/1/08,1.480189529,0.229943436,-0.066954553,-0.037302943,-3.299743002,-0.017645115,-0.49969382,-1.441809061
7/1/08,1.599910741,-0.165382394,-0.214254571,-0.074749086,-2.936468543,0.141160919,-0.46856385,-1.319067067
8/1/08,1.599910741,-0.680175631,-0.18747275,-0.081038148,-2.800240621,0.017645115,-0.429018309,-1.322717773
9/1/08,2.01349311,-1.303381301,-0.656154623,-0.085077404,-2.247760715,-0.494063215,-0.266997461,-1.99364734
10/1/08,2.666517902,-1.98842112,-2.410363922,-0.088450424,-3.208924388,-2.08212355,-0.171553511,-2.868564099
11/1/08,2.100563082,-2.64442321,-2.075591155,-0.112961669,-3.382993399,-1.940962631,-0.219546731,-2.995661697
12/1/08,1.621678235,-3.196729655,-3.227209474,-0.119731458,-3.01971894,-2.734992798,-0.043349071,-2.932325634
1/1/09,2.100563082,-3.59795147,-2.343409369,-0.116028948,-2.936468543,-2.399735617,-0.081716675,-3.033561608
2/1/09,2.198516801,-3.820451224,-2.316627548,-0.103977225,-3.30731122,-2.364445387,-0.143549719,-3.327865834
3/1/09,2.067911843,-3.851478848,-1.165009229,-0.10855272,-3.231629041,-2.258574698,-0.148145868,-3.007573424
4/1/09,2.448842972,-3.698699123,-0.535636427,-0.111706839,-2.641308045,-1.782156598,-0.130804346,-2.839110235
5/1/09,2.775355368,-3.412670125,0.133909107,-0.102012355,-2.368852201,-1.041061775,-0.202153833,-2.672383168
6/1/09,2.633866663,-3.045792425,-0.133909107,-0.113450885,-2.209919625,-0.652869249,-0.237058271,-2.282117502
7/1/09,2.601215423,-2.64442321,0.883800105,-0.081840694,-2.573194084,-0.052935344,-0.383705105,-1.8977586
8/1/09,2.644750409,-2.238558306,1.888118406,-0.065213786,-2.595898738,0.599933904,-0.486560083,-1.79399406
9/1/09,2.568564184,-1.85016026,1.96846387,-0.054539463,-2.005577742,0.864610627,-0.436981296,-1.095657362
10/1/09,2.731820382,-1.490505142,1.031100122,-0.048064558,-2.225056061,1.341028727,-0.542930342,-0.065505567
11/1/09,2.764471621,-1.159961453,1.901509317,-0.001108047,-2.467239034,0.952836201,-0.520700636,0.898725846
12/1/09,2.949495312,-0.856244499,1.847945674,0.045908622,-2.081259921,1.02341666,-0.472681727,0.974851095
1/1/10,3.058332778,-0.594241642,1.325700157,0.038606126,-1.937463781,1.111642234,-0.464221203,1.389487007
2/1/10,3.047449031,-0.399895219,1.031100122,0.038121059,-1.998009524,0.970481316,-0.45194768,2.665279849
3/1/10,3.069216524,-0.270330937,1.352481979,0.078422957,-1.998009524,1.552770105,-0.540600158,2.432933353
4/1/10,2.960379059,-0.217930365,1.874727495,0.051479177,-2.103964575,1.429254301,-0.537926563,1.763772242
5/1/10,2.775355368,-0.234955023,1.513172907,0.007901147,-1.998009524,1.305738497,-0.502990016,0.663912699
6/1/10,2.568564184,-0.292072383,1.151618318,-0.005385982,-1.816372295,1.146932464,-0.451158108,0.25967304
7/1/10,2.601215423,-0.341303862,0.629372802,-0.006217479,-2.436966162,1.076352005,-0.534896714,0.224356125
8/1/10,2.176749308,-0.345504752,0.535636427,-0.01351242,-2.353715765,1.129287349,-0.530281299,-0.327196408
9/1/10,2.29647052,-0.295757374,0.254427303,-0.017464328,-2.406693291,0.935191086,-0.508796211,-0.002663841
10/1/10,2.492377958,-0.201053107,1.044491033,-0.009914773,-2.44453438,1.217512923,-0.557540472,0.390676307
11/1/10,2.568564184,-0.068246033,1.111445586,-0.023381041,-2.149373882,1.288093382,-0.523348543,-0.015720064
12/1/10,2.927727819,0.073626119,1.285527425,-0.011142772,-1.929895563,1.164577579,-0.471128271,0.301693533
1/1/11,3.090984017,0.194346423,1.941682049,-0.021812501,-1.952600217,1.605705449,-0.541745984,0.742134266
2/1/11,2.971262805,0.267898843,1.901509317,-0.038416848,-1.702849026,1.623350564,-0.506408229,0.767423442
3/1/11,2.905960326,0.267604043,1.513172907,-0.035001603,-2.459670816,1.482189646,-0.600141549,0.338994454
4/1/11,2.949495312,0.19139843,1.486391085,-0.020326375,-2.285601804,1.393964071,-0.560207645,0.435861864
5/1/11,2.8297741,0.047831183,0.615981891,0.017290675,-1.945031999,0.846965512,-0.425076871,0.976458908
6/1/11,2.971262805,-0.14666264,0.615981891,0.019300533,-2.1569421,1.02341666,-0.48420421,1.269747781
7/1/11,2.677401649,-0.355822727,0.923972837,0.016771892,-2.747263096,0.51170833,-0.496172855,0.5872353
8/1/11,2.209400548,-0.533144492,0.38833641,0.026709032,-3.34515231,0.458772986,-0.579141155,0.514662608
9/1/11,1.817585672,-0.62770136,0.241036392,0.019301933,-3.065128248,0.652869249,-0.566058793,-0.558699433
10/1/11,2.089679336,-0.616277888,0.267818214,0.046822606,-2.966741415,0.247031608,-0.489291475,-0.131254416
11/1/11,1.991725617,-0.513098141,0.656154623,0.060280405,-2.747263096,0.317612067,-0.466622029,-0.149793383
12/1/11,1.784934433,-0.355896427,0.723109177,0.023779768,-2.278033586,0.529353445,-0.427419899,-0.504840934
1/1/12,1.752283193,-0.198326213,1.339091068,0.054591843,-1.892054474,0.741094823,-0.400892501,-0.375696333
2/1/12,1.828469419,-0.087997584,1.111445586,0.083611905,-1.86934982,0.582288789,-0.373257807,-0.321847831
3/1/12,2.067911843,-0.04473579,0.937363748,0.088439778,-1.801235859,0.617579019,-0.36826045,-0.111457593
4/1/12,1.828469419,-0.065961338,1.231963783,0.060091376,-1.786099423,0.917545971,-0.411625412,-0.345969914
5/1/12,1.436654543,-0.13442847,1.098054676,0.06659519,-1.566621104,0.564643675,-0.324481437,-0.668155092
6/1/12,1.458422036,-0.22014136,-0.361554588,0.057439586,-2.028282396,-0.088225574,-0.29537035,-0.306321067
7/1/12,1.393119557,-0.285660499,-0.294600035,0.084889618,-2.096396357,-0.070580459,-0.308427024,-0.079772125
8/1/12,1.469305783,-0.311160636,-0.656154623,0.068970657,-1.945031999,-0.176451148,-0.269263426,0.466693642
9/1/12,1.545492009,-0.286839696,0.294600035,0.12129181,-1.642303283,0.141160919,-0.271529391,1.219520641
10/1/12,1.545492009,-0.23208073,0.241036392,0.074429065,-1.316869914,0.088225574,-0.213923398,0.294920443
11/1/12,1.491073276,-0.160076007,-0.281209124,0.069101757,-1.309301696,-0.352902297,-0.145610181,0.351393894
12/1/12,1.665213221,-0.06913043,-0.227645482,0.080940966,-2.05098705,0.017645115,-0.314945728,0.340991344
1/1/13,1.904655645,0.036334011,0.656154623,0.074039962,-1.982873089,0.582288789,-0.390541532,0.387913323
2/1/13,1.784934433,0.143567248,1.191791051,0.075817653,-1.695280809,0.741094823,-0.370934045,0.183582828
3/1/13,1.76316694,0.233259928,0.307990946,0.037292341,-1.61959863,0.335257182,-0.297623471,0.215163718
4/1/13,1.610794488,0.316909222,0.40172732,0.088441945,-1.786099423,0.176451148,-0.298794986,0.396316152
5/1/13,2.024376856,0.399747819,0.281209124,0.060126872,-1.173073774,0.141160919,-0.200089996,1.03783182
6/1/13,2.350889253,0.465561757,0.267818214,0.043097546,-1.203346645,0.194096263,-0.212758305,0.625850893
7/1/13,2.492377958,0.506096658,0.857018284,0.040305597,-1.127664466,0.670514363,-0.273769668,0.896655585
8/1/13,2.601215423,0.530786097,1.071272854,0.034131371,-1.354711003,0.705804593,-0.313709994,0.510637164
9/1/13,2.514145451,0.54176737,1.365872889,0.018397555,-1.702849026,0.811675282,-0.382832048,0.550057827
10/1/13,2.459726718,0.545673461,0.99092739,0.040924875,-2.028282396,0.811675282,-0.432378725,1.033677132
11/1/13,2.688285395,0.548989953,1.272136515,0.028239696,-1.884486256,0.970481316,-0.434663956,1.230864732
12/1/13,2.89507658,0.543683566,1.861336584,0.015725399,-1.324438132,1.146932464,-0.376261969,1.362607374
1/1/14,2.535912944,0.534839587,0.615981891,0.008854947,-1.422824964,0.441127871,-0.283783648,0.693202926
2/1/14,2.535912944,0.547515956,1.151618318,0.013919937,-1.392552093,0.882255741,-0.346335623,0.931181435
3/1/14,2.492377958,0.582154871,1.17840014,0.032359871,-1.513643579,1.041061775,-0.388949544,0.71399565
4/1/14,2.448842972,0.625342965,0.97753648,0.017820727,-1.203346645,1.164577579,-0.360512435,0.626130885
5/1/14,2.29647052,0.663666871,1.057881944,0.003457814,-1.369847439,1.005771545,-0.361683949,0.628080273
6/1/14,2.242051787,0.691967602,0.910581926,0.0166905,-1.324438132,0.882255741,-0.335965388,0.88535269
7/1/14,2.231168041,0.706265367,0.99092739,0.018320751,-1.377415657,0.899900856,-0.346717565,0.411925487
8/1/14,2.035260603,0.707665663,1.352481979,0.019907301,-1.324438132,1.111642234,-0.370889091,0.926178761
9/1/14,2.111446829,0.697642488,1.191791051,0.016811268,-1.165505556,1.005771545,-0.330573245,0.586013572
10/1/14,2.01349311,0.673984846,1.312309247,0.011073396,-0.991436544,1.093997119,-0.317503727,0.434482104
11/1/14,1.861120658,0.637208636,1.553345639,0.00674089,-0.847640404,1.111642234,-0.298297448,0.409697304
12/1/14,1.632561981,0.583702568,1.098054676,0.015414168,-0.484365945,1.005771545,-0.226870898,0.213881586
1/1/15,1.316933331,0.514572137,0.629372802,0.017293559,-0.14379614,0.705804593,-0.129350266,0.246973924
2/1/15,1.491073276,0.435050032,0.575809159,0.019582965,-0.348138023,0.54699856,-0.136283022,0.326668057
3/1/15,1.501957023,0.352653635,0.415118231,0.00108347,-0.529775253,0.405837641,-0.142445471,0.154177081
4/1/15,1.599910741,0.270994235,0.495463695,0.016121239,-0.310296934,0.370547411,-0.103657393,0.170240264
5/1/15,1.643445728,0.185133946,0.374945499,0.057689566,-0.703844264,0.4764181,-0.179692937,0.098164511
6/1/15,1.861120658,0.091756275,0.508854606,0.08447269,-0.295160498,0.458772986,-0.11478509,-0.173573322
7/1/15,1.665213221,-0.025057939,0.348163678,0.013752417,-0.522207035,0.335257182,-0.130547468,0.061151374
8/1/15,1.599910741,-0.156317316,0.160690928,0.026058335,-0.61302565,0,-0.093332112,-0.602848144
9/1/15,1.545492009,-0.283081005,0.026781821,0.014383694,-0.968731891,0,-0.147487782,-0.671784223
10/1/15,1.534608262,-0.387882148,0.227645482,0.013948835,-0.75682179,-0.176451148,-0.088360443,-0.312998019
11/1/15,1.382235811,-0.476395631,0.080345464,0.040391232,-0.658434957,-0.158806033,-0.076067654,-0.465435711
12/1/15,1.316933331,-0.553559342,-0.066954553,0.029979981,-0.560048124,-0.211741378,-0.05302911,-0.55047436
1/1/16,1.284282092,-0.616425287,-0.053563643,0.026890302,-0.605457432,-0.441127871,-0.025018896,-0.677755562
2/1/16,1.044839668,-0.659244882,0.321381856,0.009232088,-0.628162085,-0.141160919,-0.074145099,-1.021000397
3/1/16,1.142793387,-0.674279645,0.723109177,0.009921432,-0.681139611,0.247031608,-0.141312489,-0.529501506
4/1/16,1.153677133,-0.674795544,0.642763713,-0.001189773,-0.832503968,0.176451148,-0.1536117,-0.56576912
5/1/16,1.055723414,-0.67236345,0.723109177,-0.012178646,-0.401115548,0.229386493,-0.095992863,-0.535860192
6/1/16,0.990420935,-0.671184253,0.923972837,-0.028671022,-0.491934163,0.423482756,-0.139370669,-0.3953339
7/1/16,0.859815977,-0.657770886,0.709718266,0.011763444,-0.75682179,0.423482756,-0.179699359,-0.295476896
8/1/16,0.84893223,-0.622468672,0.120518196,0.007144764,-0.771958225,-0.052935344,-0.10947001,0.131124137
9/1/16,0.903350963,-0.555328137,0.455290963,0.032135306,-0.666003175,0.176451148,-0.128262237,0.310919278
10/1/16,1.066607161,-0.460107971,0.575809159,0.018736186,-0.968731891,0.317612067,-0.195843679,-0.362696871
11/1/16,1.371352064,-0.349410843,0.723109177,-0.00260207,-0.469229509,0.582288789,-0.160091872,-0.145640083
12/1/16,1.360468318,-0.239450712,1.151618318,0.007064296,-0.136227922,0.741094823,-0.133570895,0.096828849
1/1/17,1.371352064,-0.152042727,1.339091068,0.026063238,-0.113523268,1.005771545,-0.170410731,0.596295316
2/1/17,1.240747106,-0.095367566,1.888118406,0.012231379,-0.280024062,1.358673842,-0.249488968,0.903750996
3/1/17,1.229863359,-0.06927783,1.606909282,0.031848593,-0.234614755,1.199867808,-0.21839753,0.423243309
4/1/17,1.099258401,-0.061539349,0.99092739,0.018138223,-0.227046537,1.005771545,-0.187694456,0.469369483
5/1/17,1.012188428,-0.056748861,1.553345639,0.000575633,-0.219478319,1.129287349,-0.205347278,0.442450683
6/1/17,1.012188428,-0.044072492,1.3792638,0.027753158,-0.378410895,1.076352005,-0.221485176,0.470776176
7/1/17,1.044839668,-0.018719754,1.553345639,0.011193928,-0.499502381,1.146932464,-0.250666904,0.356412663
8/1/17,0.859815977,0.037881707,1.459609264,0.022716966,-0.242182973,1.49983476,-0.265219236,0.369086287
9/1/17,0.936002202,0.118804108,1.901509317,-0.005323389,-0.370842677,1.746866368,-0.322417599,0.516762499
10/1/17,0.84893223,0.214466474,1.874727495,0.018806759,0.052977525,1.517479875,-0.222967991,0.827809235
11/1/17,0.696559779,0.311160636,1.874727495,0.012970458,-0.113523268,1.393964071,-0.229512383,0.782802843
12/1/17,0.555071074,0.404243508,2.102372977,0.011671785,-0.310296934,1.623350564,-0.294394542,0.72037182
1/1/18,0.631257299,0.494894285,2.16932753,0.002484248,-0.325433369,1.658640794,-0.302071916,1.00377553
2/1/18,0.674792285,0.576332586,1.888118406,0.016301044,-0.022704654,1.905672401,-0.293592126,0.429935118
3/1/18,0.511536087,0.626448463,1.56673655,0.020540105,0.105955051,1.623350564,-0.231020885,0.237966208
4/1/18,0.500652341,0.641188426,1.76760021,0.023472413,-0.090818615,1.517479875,-0.244860709,0.19344157
5/1/18,0.468001101,0.628806857,1.76760021,0.024882141,-0.151364358,1.57041522,-0.262138011,0.26292329
6/1/18,0.359163636,0.594536441,1.807772942,-0.00136711,-0.136227922,1.711576138,-0.281325025,0.263124458
7/1/18,0.31562865,0.540072275,1.312309247,0.014358739,-0.158932576,1.411609186,-0.239112311,0.378858152
8/1/18,0.261209917,0.467183153,1.821163852,-0.008063514,-0.28759228,1.835091942,-0.323175061,0.59244933
9/1/18,0.261209917,0.364224506,1.593518371,0.00744675,0.007568218,1.676285909,-0.254059429,0.483413988
10/1/18,0.304744903,0.226995443,1.245354693,-0.014322899,-0.105955051,1.464544531,-0.239105889,-0.170337609
11/1/18,0.228558677,0.067066835,1.432827443,0.007297701,-0.189205447,1.53512499,-0.262526375,-0.236388486
12/1/18,0.228558677,-0.098684058,0.321381856,0.001058181,-0.128659704,0.846965512,-0.148537279,-0.898086886
1/1/19,0.195907438,-0.253822177,0.897191016,-0.00983136,-0.666003175,1.005771545,-0.254524857,-0.772056007
2/1/19,0.228558677,-0.385007855,0.656154623,-0.005950966,-0.469229509,0.741094823,-0.18426982,-0.34039879
3/1/19,0.152372452,-0.490693396,0.870409194,-0.013355235,-0.121091486,0.935191086,-0.160817225,-0.042372954
4/1/19,0.261209917,-0.585987262,0.468681874,-0.011241828,-0.211910101,0.635224134,-0.128974746,0.204710868
5/1/19,0.206791184,-0.67243715,0.334772767,0.001555241,0,0.388192526,-0.059101652,-0.395537887
6/1/19,0.272093664,-0.747610965,0.093736375,-0.005157156,-0.136227922,0.229386493,-0.055664173,0.013738345
7/1/19,0.141488705,-0.807971117,0.160690928,0.003119809,-0.121091486,0.176451148,-0.04530036,-0.137107009
8/1/19,0,-0.846737222,-0.495463695,0.03923166,-0.771958225,-0.282321837,-0.074546307,-0.450419891
9/1/19,0.054418733,-0.844452528,-0.174081839,0.028153731,-0.514638817,-0.299966952,-0.032683426,-0.368781335
10/1/19,0.185023691,-0.805539023,-0.20086366,0.045988023,-0.340569805,-0.299966952,-0.006181715,0.253276679
11/1/19,0.185023691,-0.747021367,-0.40172732,0.032266224,-0.242182973,-0.317612067,0.011483951,0.36565063
12/1/19,0.370047382,-0.691893902,-0.334772767,0.023525039,-0.052977525,-0.405837641,0.053722352,1.316989707
1/1/20,0.195907438,-0.66808886,0.241036392,0.045105692,-0.015136436,0.194096263,-0.031855322,0.711705002
2/1/20,0.293861157,-0.697568788,-0.066954553,0.027846107,0.075682179,0.052935344,0.003463167,-0.120132734
3/1/20,0.511536087,-1.733198647,-0.910581926,0.00939024,-0.824935751,-0.052935344,-0.117535748,-1.060596567
4/1/20,0.478884848,-5.338741198,-3.039736724,-0.043209051,-2.134237446,-1.464544531,-0.101959607,-0.576160836
5/1/20,0.53330358,-4.157848996,-2.423754833,-0.014933548,-2.096396357,-1.217512923,-0.133808508,0.165226672
6/1/20,0.544187327,-2.796318538,0.897191016,0.004044021,-1.657439719,0.388192526,-0.311444029,-0.164705081
7/1/20,0.478884848,-1.665247413,1.459609264,0.033176943,-2.081259921,0.652869249,-0.416266515,0.110713787
8/1/20,0.631257299,-1.151412274,2.16932753,0.006211216,-1.960168435,0.98812643,-0.448872877,0.73229715
9/1/20,0.609489806,-0.930312817,1.459609264,0.023529089,-1.483370707,1.005771545,-0.378967673,0.313882492
10/1/20,0.805397244,-0.660350379,2.263063905,0.013342099,-1.377415657,1.552770105,-0.446115797,-0.022022649
11/1/20,0.740094765,-0.367467298,2.102372977,0.028314826,-1.748258334,1.358673842,-0.473025138,0.460645062
12/1/20,0.870699723,-0.060654951,2.343409369,0.046688674,-1.460666054,1.852737057,-0.504459987,0.520992638
1/1/21,1.088374654,0.214392774,1.486391085,0.057688059,-1.589325758,1.53512499,-0.475692311,0.451146886
2/1/21,1.41488705,0.488187602,1.981854781,0.043773243,-1.755826552,1.905672401,-0.557456986,1.325142441
3/1/21,1.719631953,0.726680217,2.410363922,0.063677084,-1.142800902,2.59383188,-0.568895984,2.883697793
4/1/21,1.621678235,0.92508013,1.914900227,0.14575498,-0.885481494,1.888027287,-0.422261993,2.243332978
5/1/21,1.567259502,0.983302987,2.276454816,0.07725434,-1.29416526,1.976252861,-0.497915595,1.898559729
6/1/21,1.306049585,0.988167175,2.142545709,0.055124657,-1.097391595,1.870382172,-0.451838507,1.931242195
7/1/21,1.142793387,0.952054264,1.995245691,0.015852863,-1.422824964,1.676285909,-0.471834358,1.663162307
8/1/21,1.197212119,0.899727392,2.236282084,0.036443568,-2.247760715,1.746866368,-0.608175177,1.337818486
9/1/21,1.349584571,0.856170799,2.236282084,0.000142372,-2.058555267,1.958607746,-0.611606234,1.267021555
10/1/21,1.16456088,0.824627276,1.312309247,0.015194375,-2.141805664,1.905672401,-0.61622165,2.071506658
11/1/21,0.990420935,0.797653143,1.539954728,0.007014615,-2.467239034,1.905672401,-0.665768326,1.141983077
12/1/21,0.859815977,0.758150039,1.473000175,0.022405341,-2.225056061,1.517479875,-0.569794729,1.191750008
1/1/22,0.663908539,0.693073099,1.057881944,0.003929262,-2.48237547,1.341028727,-0.582106784,0.856210572
2/1/22,0.424466115,0.597115935,1.56673655,0.01954858,-2.815377057,1.482189646,-0.654297219,0.426856002
3/1/22,0.043534986,0.459223573,0.508854606,0.019623695,-3.072696465,1.235158038,-0.655863519,0.380566542
4/1/22,0.206791184,0.278511617,0.468681874,0.012904266,-2.633739827,1.041061775,-0.559482292,-0.578957188
5/1/22,0.348279889,0.058222857,0.682936445,0.004263883,-3.148378644,1.076352005,-0.643208054,-0.612611522
6/1/22,0.065302479,-0.170467682,-0.107127285,0.01227924,-3.784108948,0.54699856,-0.659403749,-1.256318318
7/1/22,-0.239442424,-0.370267891,-0.267818214,0.009377263,-3.670585679,0.4764181,-0.63137427,-0.884935748
8/1/22,-0.326512396,-0.526069309,0.174081839,-0.029783307,-3.16351508,0.51170833,-0.559546512,-1.296437611
9/1/22,-0.424466115,-0.647526611,-0.38833641,-0.001707415,-3.133242209,0.176451148,-0.503895183,-1.561829484
10/1/22,-0.446233608,-0.743041577,-0.107127285,-0.021386149,-3.034855376,0,-0.462051568,-1.509205857
11/1/22,-0.761862258,-0.815635898,-0.374945499,-0.047656486,-3.269470131,-0.176451148,-0.470906878,-1.177151872
12/1/22,-0.576838567,-0.860371689,-0.656154623,-0.062003146,-3.049991812,-0.282321837,-0.421373045,-1.731118293
1/1/23,-0.750978511,-0.886240325,-1.004318301,-0.056988149,-2.656444481,-0.458772986,-0.334591746,-1.117833471
2/1/23,-0.968653442,-0.900832889,-0.40172732,-0.029833873,-2.497511905,-0.405837641,-0.318453848,-1.086976375
3/1/23,-0.631257299,-0.898842994,-0.763281909,-0.047497621,-2.8759228,-0.652869249,-0.338456121,-1.090965723
4/1/23,-0.653024792,-0.866562473,-0.575809159,-0.0459905,-2.762399532,-0.51170833,-0.342663906,-0.44728399
5/1/23,-0.827164737,-0.805907522,-0.99092739,-0.024309727,-3.087832901,-0.54699856,-0.386837706,-0.431853766
6/1/23,-1.153677133,-0.720047233,-0.58920007,-0.033390002,-2.694285571,-0.705804593,-0.302742846,0.603487622
7/1/23,-0.990420935,-0.646200014,-0.361554588,-0.029321889,-2.149373882,-0.635224134,-0.230526723,0.195882466
8/1/23,-0.827164737,-0.588714155,-0.428509142,0.005397957,-2.308306458,-0.423482756,-0.286961202,0.376855614
9/1/23,-0.478884848,-0.549137352,-0.107127285,-0.014047629,-2.414261509,-0.176451148,-0.34070282,0.731113476
10/1/23,-0.206791184,-0.513908839,-0.602590981,-0.003853542,-2.739694878,-0.582288789,-0.328461407,0.019683992
11/1/23,-0.391814875,-0.456865179,-0.294600035,0.017481117,-2.928900325,-0.599933904,-0.354581175,0.249362273
12/1/23,-0.380931129,-0.367319899,-0.40172732,0.021469733,-2.293170022,-0.51170833,-0.271224512,1.02382446
1/1/24,-0.304744903,-0.247410293,0.334772767,0.010414978,-1.589325758,-0.158806033,-0.217794194,0.685397567
2/1/24,-0.424466115,-0.115561316,-0.107127285,-0.008135255,-1.748258334,-0.388192526,-0.207067705,1.284599738
3/1/24,-0.424466115,0.007591081,0.18747275,-0.001238915,-1.559052886,0.052935344,-0.245422466,1.253020456
4/1/24,-0.380931129,0.101632051,-0.120518196,-0.004718623,-1.72555368,-0.141160919,-0.241221102,0.805845145
5/1/24,-0.413582369,0.169509584,-0.615981891,-0.020072627,-2.33857933,-0.229386493,-0.321121021,1.15189283
6/1/24,-0.380931129,0.169509584,-0.093736375,-0.006039711,-2.406693291,-0.264676722,-0.326118378,0.927114989
7/1/24,-0.217674931,-0.007369982,-0.348163678,-0.014633703,-2.542921213,-0.564643675,-0.30118939,0.778302515
8/1/24,0,0.029479928,-0.723109177,-0.015824431,-2.429397944,-0.494063215,-0.29465142,1.091675775
9/1/24,0.163256198,0.095809765,-0.522245517,-0.013735397,-2.262897151,-0.494063215,-0.269301957,1.664377758
10/1/24,0.130604958,0.169509584,-0.38833641,-0.017333402,-2.232624279,-0.617579019,-0.245887893,1.769036327
11/1/24,0.054418733,0.265319349,0.053563643,-0.002299859,-2.134237446,-0.282321837,-0.281951001,1.517899209
12/1/24,0.359163636,0.420088969,0.281209124,-0.007253726,-1.967736653,-0.141160919,-0.278093048,0.965695815
1/1/25,0.391814875,0.464308861,0.682936445,-0.005366338,-2.187214972,0.158806033,-0.357177707,1.050809609
2/1/25,0.272093664,0.523268716,-0.18747275,-0.015384582,-2.671580917,0.052935344,-0.414802966,0.557647895
